idIsinCodeFk,mnemonicCode,fisnCode,nominalAmount,currencyCode,stockQuantity,operationYield,operationPrice,operationDate,operationHour,operationType,operationPart,settlementSystem,settlementDate,operationState,idMechanismOperationPk,indSendOtcApp,issuanceDate,expirationDate,operationRate,issuerName,shortName,checkDigit
DO1005208322,MHUS2040,HACIENDA/6.75 BOEST 20400724 GTIA,6000,USD,6,4.8911,118.872667,06/05/2026,09:58:32 AM,CONTADO,PRIMERA PARTE,ROTC,07/05/2026,CONFIRMADA,3090557,0,24/07/2020,24/07/2040,0,MINISTERIO DE HACIENDA,HACIENDA,59997
DO1002261225,LE021026,BCENTRAL/ LT 20261002 GTIA,70000,DOP,7,-7.4622,103.142843,06/05/2026,09:58:06 AM,CONTADO,PRIMERA PARTE,ROTC,08/05/2026,CONFIRMADA,3090554,0,02/10/2025,02/10/2026,0,BANCO CENTRAL DE LA REPUBLICA DOMINICANA,BCENTRAL,57113
DO1005208322,MHUS2040,HACIENDA/6.75 BOEST 20400724 GTIA,11000,USD,11,5.0459,117.127364,06/05/2026,09:57:36 AM,CONTADO,PRIMERA PARTE,ROTC,08/05/2026,CONFIRMADA,3090551,0,24/07/2020,24/07/2040,0,MINISTERIO DE HACIENDA,HACIENDA,60543
DO1005208322,MHUS2040,HACIENDA/6.75 BOEST 20400724 GTIA,2000,USD,2,5.6579,110.556,06/05/2026,09:57:12 AM,CONTADO,PRIMERA PARTE,ROTC,08/05/2026,CONFIRMADA,3090548,0,24/07/2020,24/07/2040,0,MINISTERIO DE HACIENDA,HACIENDA,58786
DO1002261225,LE021026,BCENTRAL/ LT 20261002 GTIA,280000,DOP,28,12.0409,95.252979,06/05/2026,09:56:40 AM,CONTADO,PRIMERA PARTE,ROTC,06/05/2026,CONFIRMADA,3090545,0,02/10/2025,02/10/2026,0,BANCO CENTRAL DE LA REPUBLICA DOMINICANA,BCENTRAL,57589
USP3579EBY25,BSRD2048,DOMINICAN REP/6.5 CHURCH BD UNSEC,25000,USD,25,6.5551,99.35316,06/05/2026,09:56:15 AM,CONTADO,PRIMERA PARTE,ROTC,06/05/2026,CONFIRMADA,3090542,0,08/02/2018,15/02/2048,0,MINISTERIO DE HACIENDA,HACIENDA,62188
DO1002261928,LE090427,BCENTRAL/ LT 20270409 GTIA,4020000,DOP,402,9.238912,92.039801,06/05/2026,09:55:16 AM,CONTADO,PRIMERA PARTE,ROTC,07/05/2026,CONFIRMADA,3090689,0,09/04/2026,09/04/2027,0,BANCO CENTRAL DE LA REPUBLICA DOMINICANA,BCENTRAL,58800
DO1002261928,LE090427,BCENTRAL/ LT 20270409 GTIA,4020000,DOP,402,9.524414,93.171891,06/05/2026,09:55:14 AM,PLAZO,PRIMERA PARTE,ROTC,06/07/2026,CONFIRMADA,3090690,0,09/04/2026,09/04/2027,0,BANCO CENTRAL DE LA REPUBLICA DOMINICANA,BCENTRAL,57897
DO1002261928,LE090427,BCENTRAL/ LT 20270409 GTIA,4020000,DOP,402,7.4,92.039801,06/05/2026,09:55:13 AM,PRESTAMO,SEGUNDA PARTE,ROTC,06/07/2026,CONFIRMADA,3090691,0,09/04/2026,09/04/2027,0,BANCO CENTRAL DE LA REPUBLICA DOMINICANA,BCENTRAL,57575
DO1002261928,LE090427,BCENTRAL/ LT 20270409 GTIA,4020000,DOP,402,7.4,92.039801,06/05/2026,09:55:13 AM,PRESTAMO,PRIMERA PARTE,ROTC,07/05/2026,CONFIRMADA,3090691,0,09/04/2026,09/04/2027,0,BANCO CENTRAL DE LA REPUBLICA DOMINICANA,BCENTRAL,57631
USP3579EBY25,BSRD2048,DOMINICAN REP/6.5 CHURCH BD UNSEC,61000,USD,61,6.6483,98.292902,06/05/2026,09:54:15 AM,CONTADO,PRIMERA PARTE,ROTC,06/05/2026,CONFIRMADA,3090539,0,08/02/2018,15/02/2048,0,MINISTERIO DE HACIENDA,HACIENDA,62580
DO1002261225,LE021026,BCENTRAL/ LT 20261002 GTIA,2170000,DOP,217,8.217,96.753641,06/05/2026,09:53:45 AM,CONTADO,PRIMERA PARTE,ROTC,08/05/2026,CONFIRMADA,3090536,0,02/10/2025,02/10/2026,0,BANCO CENTRAL DE LA REPUBLICA DOMINICANA,BCENTRAL,57582
DO1005211227,MH32029,HACIENDA/12.75 BOEST 20290923 GTIA,8400000,DOP,84,15.3428,93.442846,06/05/2026,09:33:06 AM,PRESTAMO,SEGUNDA PARTE,ROTC,05/06/2026,CONFIRMADA,3090679,0,23/09/2022,23/09/2029,0.829167,MINISTERIO DE HACIENDA,HACIENDA,61488
DO1005211227,MH32029,HACIENDA/12.75 BOEST 20290923 GTIA,8400000,DOP,84,15.1962,93.701109,06/05/2026,09:33:06 AM,PRESTAMO,PRIMERA PARTE,ROTC,06/05/2026,CONFIRMADA,3090679,0,23/09/2022,23/09/2029,0.829167,MINISTERIO DE HACIENDA,HACIENDA,61488
DO1005211227,MH32029,HACIENDA/12.75 BOEST 20290923 GTIA,8400000,DOP,84,15.3428,93.442846,06/05/2026,09:33:04 AM,ESTRUCTURADA,SEGUNDA PARTE,ROTC,05/06/2026,CONFIRMADA,3090615,0,23/09/2022,23/09/2029,0.829167,MINISTERIO DE HACIENDA,HACIENDA,63574
DO1005211227,MH32029,HACIENDA/12.75 BOEST 20290923 GTIA,8400000,DOP,84,15.1962,93.701109,06/05/2026,09:33:04 AM,ESTRUCTURADA,PRIMERA PARTE,ROTC,06/05/2026,CONFIRMADA,3090615,0,23/09/2022,23/09/2029,0.829167,MINISTERIO DE HACIENDA,HACIENDA,63574
DO1005211227,MH32029,HACIENDA/12.75 BOEST 20290923 GTIA,20500000,DOP,205,15.3913,93.325739,06/05/2026,09:32:33 AM,PRESTAMO,SEGUNDA PARTE,ROTC,05/06/2026,CONFIRMADA,3090678,0,23/09/2022,23/09/2029,0.829167,MINISTERIO DE HACIENDA,HACIENDA,62083
DO1005211227,MH32029,HACIENDA/12.75 BOEST 20290923 GTIA,20500000,DOP,205,15.2434,93.584965,06/05/2026,09:32:33 AM,PRESTAMO,PRIMERA PARTE,ROTC,06/05/2026,CONFIRMADA,3090678,0,23/09/2022,23/09/2029,0.829167,MINISTERIO DE HACIENDA,HACIENDA,62181
DO1005211227,MH32029,HACIENDA/12.75 BOEST 20290923 GTIA,20500000,DOP,205,15.3913,93.325739,06/05/2026,09:32:31 AM,ESTRUCTURADA,SEGUNDA PARTE,ROTC,05/06/2026,CONFIRMADA,3090616,0,23/09/2022,23/09/2029,0.829167,MINISTERIO DE HACIENDA,HACIENDA,64169
DO1005211227,MH32029,HACIENDA/12.75 BOEST 20290923 GTIA,20500000,DOP,205,15.2434,93.584965,06/05/2026,09:32:31 AM,ESTRUCTURADA,PRIMERA PARTE,ROTC,06/05/2026,CONFIRMADA,3090616,0,23/09/2022,23/09/2029,0.829167,MINISTERIO DE HACIENDA,HACIENDA,64267
DO1005204412,MH12029,HACIENDA/11.375 BOEST 20290706 GTIA,4400000,DOP,44,7.83148104,109.078593,06/05/2026,09:18:04 AM,PRESTAMO,SEGUNDA PARTE,ROTC,04/08/2026,CONFIRMADA,3090614,0,06/07/2014,06/07/2029,-2.631325,MINISTERIO DE HACIENDA,HACIENDA,63210
DO1005204412,MH12029,HACIENDA/11.375 BOEST 20290706 GTIA,4400000,DOP,44,8.01175479,109.214836,06/05/2026,09:18:04 AM,PRESTAMO,PRIMERA PARTE,ROTC,06/05/2026,CONFIRMADA,3090614,0,06/07/2014,06/07/2029,-2.631325,MINISTERIO DE HACIENDA,HACIENDA,63252
DO1005204412,MH12029,HACIENDA/11.375 BOEST 20290706 GTIA,4400000,DOP,44,7.83148104,109.078593,06/05/2026,09:18:03 AM,ESTRUCTURADA,SEGUNDA PARTE,ROTC,04/08/2026,CONFIRMADA,3090525,0,06/07/2014,06/07/2029,-2.631325,MINISTERIO DE HACIENDA,HACIENDA,65303
DO1005204412,MH12029,HACIENDA/11.375 BOEST 20290706 GTIA,4400000,DOP,44,8.01175479,109.214836,06/05/2026,09:18:03 AM,ESTRUCTURADA,PRIMERA PARTE,ROTC,06/05/2026,CONFIRMADA,3090525,0,06/07/2014,06/07/2029,-2.631325,MINISTERIO DE HACIENDA,HACIENDA,65345
DO2016300124,BC1GUL01,GULFSTREAM/11.25 BO 20290528,154507,DOP,154507,11.31928602,99.823082,06/05/2026,09:18:02 AM,PRESTAMO,SEGUNDA PARTE,ROTC,05/06/2026,CONFIRMADA,3090613,0,28/05/2019,28/05/2029,-1.970554,GULFSTREAM PETROLEUM DOMINICANA S DE RL,GULFSTREAM,62251
DO2016300124,BC1GUL01,GULFSTREAM/11.25 BO 20290528,154507,DOP,154507,11.24087143,100.016158,06/05/2026,09:18:02 AM,PRESTAMO,PRIMERA PARTE,ROTC,06/05/2026,CONFIRMADA,3090613,0,28/05/2019,28/05/2029,-1.970554,GULFSTREAM PETROLEUM DOMINICANA S DE RL,GULFSTREAM,62503
DO2016300124,BC1GUL01,GULFSTREAM/11.25 BO 20290528,154507,DOP,154507,11.31928602,99.823082,06/05/2026,09:18:01 AM,ESTRUCTURADA,SEGUNDA PARTE,ROTC,05/06/2026,CONFIRMADA,3090524,0,28/05/2019,28/05/2029,-1.970554,GULFSTREAM PETROLEUM DOMINICANA S DE RL,GULFSTREAM,64344
DO2016300124,BC1GUL01,GULFSTREAM/11.25 BO 20290528,154507,DOP,154507,11.24087143,100.016158,06/05/2026,09:18:01 AM,ESTRUCTURADA,PRIMERA PARTE,ROTC,06/05/2026,CONFIRMADA,3090524,0,28/05/2019,28/05/2029,-1.970554,GULFSTREAM PETROLEUM DOMINICANA S DE RL,GULFSTREAM,64596
DO1002261423,NO301129,BCENTRAL/9.5 BOEST 20291130 GTIA,490000,DOP,49,9.75342266,99.262866,06/05/2026,09:18:00 AM,PRESTAMO,SEGUNDA PARTE,ROTC,05/06/2026,CONFIRMADA,3090612,0,30/11/2025,30/11/2029,-3.871989,BANCO CENTRAL DE LA REPUBLICA DOMINICANA,BCENTRAL,62216
DO1002261423,NO301129,BCENTRAL/9.5 BOEST 20291130 GTIA,490000,DOP,49,9.73187429,99.302089,06/05/2026,09:18:00 AM,PRESTAMO,PRIMERA PARTE,ROTC,06/05/2026,CONFIRMADA,3090612,0,30/11/2025,30/11/2029,-3.871989,BANCO CENTRAL DE LA REPUBLICA DOMINICANA,BCENTRAL,62265
DO1002261423,NO301129,BCENTRAL/9.5 BOEST 20291130 GTIA,490000,DOP,49,9.75342266,99.262866,06/05/2026,09:17:58 AM,ESTRUCTURADA,SEGUNDA PARTE,ROTC,05/06/2026,CONFIRMADA,3090523,0,30/11/2025,30/11/2029,-3.871989,BANCO CENTRAL DE LA REPUBLICA DOMINICANA,BCENTRAL,64400
DO1002261423,NO301129,BCENTRAL/9.5 BOEST 20291130 GTIA,490000,DOP,49,9.73187429,99.302089,06/05/2026,09:17:58 AM,ESTRUCTURADA,PRIMERA PARTE,ROTC,06/05/2026,CONFIRMADA,3090523,0,30/11/2025,30/11/2029,-3.871989,BANCO CENTRAL DE LA REPUBLICA DOMINICANA,BCENTRAL,64449
DO2006901311,BC1ITA01,EGEITABO/5.65 BO 20311208,6396,USD,6396,4.5186141,105.416715,06/05/2026,09:17:57 AM,PRESTAMO,SEGUNDA PARTE,ROTC,06/07/2026,CONFIRMADA,3090611,0,08/12/2021,08/12/2031,-0.658834,"EMPRESA GENERADORA DE ELECTRICIDAD ITABO, S.A.",EGEITABO,58933
DO2006901311,BC1ITA01,EGEITABO/5.65 BO 20311208,6396,USD,6396,4.50374524,105.63877599999999,06/05/2026,09:17:57 AM,PRESTAMO,PRIMERA PARTE,ROTC,06/05/2026,CONFIRMADA,3090611,0,08/12/2021,08/12/2031,-0.658834,"EMPRESA GENERADORA DE ELECTRICIDAD ITABO, S.A.",EGEITABO,59437
DO2006901311,BC1ITA01,EGEITABO/5.65 BO 20311208,6396,USD,6396,4.5186141,105.416715,06/05/2026,09:17:56 AM,ESTRUCTURADA,SEGUNDA PARTE,ROTC,06/07/2026,CONFIRMADA,3090522,0,08/12/2021,08/12/2031,-0.658834,"EMPRESA GENERADORA DE ELECTRICIDAD ITABO, S.A.",EGEITABO,61026
DO2006901311,BC1ITA01,EGEITABO/5.65 BO 20311208,6396,USD,6396,4.50374524,105.63877599999999,06/05/2026,09:17:56 AM,ESTRUCTURADA,PRIMERA PARTE,ROTC,06/05/2026,CONFIRMADA,3090522,0,08/12/2021,08/12/2031,-0.658834,"EMPRESA GENERADORA DE ELECTRICIDAD ITABO, S.A.",EGEITABO,61530
DO1002261423,NO301129,BCENTRAL/9.5 BOEST 20291130 GTIA,1290000,DOP,129,9.52890262,99.893976,06/05/2026,09:17:54 AM,PRESTAMO,SEGUNDA PARTE,ROTC,04/08/2026,CONFIRMADA,3090610,0,30/11/2025,30/11/2029,-2.209499,BANCO CENTRAL DE LA REPUBLICA DOMINICANA,BCENTRAL,63014
DO1002261423,NO301129,BCENTRAL/9.5 BOEST 20291130 GTIA,1290000,DOP,129,9.57224876,99.773135,06/05/2026,09:17:54 AM,PRESTAMO,PRIMERA PARTE,ROTC,06/05/2026,CONFIRMADA,3090610,0,30/11/2025,30/11/2029,-2.209499,BANCO CENTRAL DE LA REPUBLICA DOMINICANA,BCENTRAL,63007
DO1002261423,NO301129,BCENTRAL/9.5 BOEST 20291130 GTIA,1290000,DOP,129,9.52890262,99.893976,06/05/2026,09:17:53 AM,ESTRUCTURADA,SEGUNDA PARTE,ROTC,04/08/2026,CONFIRMADA,3090521,0,30/11/2025,30/11/2029,-2.209499,BANCO CENTRAL DE LA REPUBLICA DOMINICANA,BCENTRAL,65107
DO1002261423,NO301129,BCENTRAL/9.5 BOEST 20291130 GTIA,1290000,DOP,129,9.57224876,99.773135,06/05/2026,09:17:53 AM,ESTRUCTURADA,PRIMERA PARTE,ROTC,06/05/2026,CONFIRMADA,3090521,0,30/11/2025,30/11/2029,-2.209499,BANCO CENTRAL DE LA REPUBLICA DOMINICANA,BCENTRAL,65100
DO1002261423,NO301129,BCENTRAL/9.5 BOEST 20291130 GTIA,270000,DOP,27,8.8544378,101.799202,06/05/2026,09:17:53 AM,PRESTAMO,SEGUNDA PARTE,ROTC,04/08/2026,CONFIRMADA,3090609,0,30/11/2025,30/11/2029,-2.140982,BANCO CENTRAL DE LA REPUBLICA DOMINICANA,BCENTRAL,62118
DO1002261423,NO301129,BCENTRAL/9.5 BOEST 20291130 GTIA,270000,DOP,27,8.94631211,101.647305,06/05/2026,09:17:53 AM,PRESTAMO,PRIMERA PARTE,ROTC,06/05/2026,CONFIRMADA,3090609,0,30/11/2025,30/11/2029,-2.140982,BANCO CENTRAL DE LA REPUBLICA DOMINICANA,BCENTRAL,62398
DO1005204412,MH12029,HACIENDA/11.375 BOEST 20290706 GTIA,2300000,DOP,23,8.64645633,106.89566,06/05/2026,09:17:52 AM,PRESTAMO,SEGUNDA PARTE,ROTC,04/08/2026,CONFIRMADA,3090608,0,06/07/2014,06/07/2029,-2.727422,MINISTERIO DE HACIENDA,HACIENDA,62902
DO1005204412,MH12029,HACIENDA/11.375 BOEST 20290706 GTIA,2300000,DOP,23,8.75371589,107.082285,06/05/2026,09:17:52 AM,PRESTAMO,PRIMERA PARTE,ROTC,06/05/2026,CONFIRMADA,3090608,0,06/07/2014,06/07/2029,-2.727422,MINISTERIO DE HACIENDA,HACIENDA,63294
DO1002261423,NO301129,BCENTRAL/9.5 BOEST 20291130 GTIA,270000,DOP,27,8.8544378,101.799202,06/05/2026,09:17:51 AM,ESTRUCTURADA,SEGUNDA PARTE,ROTC,04/08/2026,CONFIRMADA,3090526,0,30/11/2025,30/11/2029,-2.140982,BANCO CENTRAL DE LA REPUBLICA DOMINICANA,BCENTRAL,64204
DO1002261423,NO301129,BCENTRAL/9.5 BOEST 20291130 GTIA,270000,DOP,27,8.94631211,101.647305,06/05/2026,09:17:51 AM,ESTRUCTURADA,PRIMERA PARTE,ROTC,06/05/2026,CONFIRMADA,3090526,0,30/11/2025,30/11/2029,-2.140982,BANCO CENTRAL DE LA REPUBLICA DOMINICANA,BCENTRAL,64484
DO1005204412,MH12029,HACIENDA/11.375 BOEST 20290706 GTIA,2300000,DOP,23,8.64645633,106.89566,06/05/2026,09:17:50 AM,ESTRUCTURADA,SEGUNDA PARTE,ROTC,04/08/2026,CONFIRMADA,3090520,0,06/07/2014,06/07/2029,-2.727422,MINISTERIO DE HACIENDA,HACIENDA,64988
DO1005204412,MH12029,HACIENDA/11.375 BOEST 20290706 GTIA,2300000,DOP,23,8.75371589,107.082285,06/05/2026,09:17:50 AM,ESTRUCTURADA,PRIMERA PARTE,ROTC,06/05/2026,CONFIRMADA,3090520,0,06/07/2014,06/07/2029,-2.727422,MINISTERIO DE HACIENDA,HACIENDA,65380
DO1002261423,NO301129,BCENTRAL/9.5 BOEST 20291130 GTIA,480000,DOP,48,9.47423134,100.046746,06/05/2026,09:17:50 AM,PRESTAMO,SEGUNDA PARTE,ROTC,04/08/2026,CONFIRMADA,3090607,0,30/11/2025,30/11/2029,-2.214883,BANCO CENTRAL DE LA REPUBLICA DOMINICANA,BCENTRAL,62384
DO1002261423,NO301129,BCENTRAL/9.5 BOEST 20291130 GTIA,480000,DOP,48,9.51758427,99.935086,06/05/2026,09:17:50 AM,PRESTAMO,PRIMERA PARTE,ROTC,06/05/2026,CONFIRMADA,3090607,0,30/11/2025,30/11/2029,-2.214883,BANCO CENTRAL DE LA REPUBLICA DOMINICANA,BCENTRAL,62328
DO1002261423,NO301129,BCENTRAL/9.5 BOEST 20291130 GTIA,480000,DOP,48,9.47423134,100.046746,06/05/2026,09:17:49 AM,ESTRUCTURADA,SEGUNDA PARTE,ROTC,04/08/2026,CONFIRMADA,3090534,0,30/11/2025,30/11/2029,-2.214883,BANCO CENTRAL DE LA REPUBLICA DOMINICANA,BCENTRAL,64540
DO1002261423,NO301129,BCENTRAL/9.5 BOEST 20291130 GTIA,480000,DOP,48,9.51758427,99.935086,06/05/2026,09:17:49 AM,ESTRUCTURADA,PRIMERA PARTE,ROTC,06/05/2026,CONFIRMADA,3090534,0,30/11/2025,30/11/2029,-2.214883,BANCO CENTRAL DE LA REPUBLICA DOMINICANA,BCENTRAL,64484
DO1002261423,NO301129,BCENTRAL/9.5 BOEST 20291130 GTIA,680000,DOP,68,9.40568517,100.271325,06/05/2026,09:17:49 AM,PRESTAMO,SEGUNDA PARTE,ROTC,05/06/2026,CONFIRMADA,3090606,0,30/11/2025,30/11/2029,-3.732468,BANCO CENTRAL DE LA REPUBLICA DOMINICANA,BCENTRAL,62468
DO1002261423,NO301129,BCENTRAL/9.5 BOEST 20291130 GTIA,680000,DOP,68,9.42848508,100.199758,06/05/2026,09:17:49 AM,PRESTAMO,PRIMERA PARTE,ROTC,06/05/2026,CONFIRMADA,3090606,0,30/11/2025,30/11/2029,-3.732468,BANCO CENTRAL DE LA REPUBLICA DOMINICANA,BCENTRAL,62685
DO1002261423,NO301129,BCENTRAL/9.5 BOEST 20291130 GTIA,680000,DOP,68,9.40568517,100.271325,06/05/2026,09:17:47 AM,ESTRUCTURADA,SEGUNDA PARTE,ROTC,05/06/2026,CONFIRMADA,3090519,0,30/11/2025,30/11/2029,-3.732468,BANCO CENTRAL DE LA REPUBLICA DOMINICANA,BCENTRAL,64554
DO1002261423,NO301129,BCENTRAL/9.5 BOEST 20291130 GTIA,680000,DOP,68,9.42848508,100.199758,06/05/2026,09:17:47 AM,ESTRUCTURADA,PRIMERA PARTE,ROTC,06/05/2026,CONFIRMADA,3090519,0,30/11/2025,30/11/2029,-3.732468,BANCO CENTRAL DE LA REPUBLICA DOMINICANA,BCENTRAL,64771
DO2016300124,BC1GUL01,GULFSTREAM/11.25 BO 20290528,101789,DOP,101789,11.40269071,99.628465,06/05/2026,09:17:47 AM,PRESTAMO,SEGUNDA PARTE,ROTC,04/08/2026,CONFIRMADA,3090605,0,28/05/2019,28/05/2029,-0.349724,GULFSTREAM PETROLEUM DOMINICANA S DE RL,GULFSTREAM,62412
DO2016300124,BC1GUL01,GULFSTREAM/11.25 BO 20290528,101789,DOP,101789,11.24082129,100.016286,06/05/2026,09:17:47 AM,PRESTAMO,PRIMERA PARTE,ROTC,06/05/2026,CONFIRMADA,3090605,0,28/05/2019,28/05/2029,-0.349724,GULFSTREAM PETROLEUM DOMINICANA S DE RL,GULFSTREAM,62622
DO2016300124,BC1GUL01,GULFSTREAM/11.25 BO 20290528,101789,DOP,101789,11.40269071,99.628465,06/05/2026,09:17:46 AM,ESTRUCTURADA,SEGUNDA PARTE,ROTC,04/08/2026,CONFIRMADA,3090584,0,28/05/2019,28/05/2029,-0.349724,GULFSTREAM PETROLEUM DOMINICANA S DE RL,GULFSTREAM,64505
DO2016300124,BC1GUL01,GULFSTREAM/11.25 BO 20290528,101789,DOP,101789,11.24082129,100.016286,06/05/2026,09:17:46 AM,ESTRUCTURADA,PRIMERA PARTE,ROTC,06/05/2026,CONFIRMADA,3090584,0,28/05/2019,28/05/2029,-0.349724,GULFSTREAM PETROLEUM DOMINICANA S DE RL,GULFSTREAM,64715
DO2016300124,BC1GUL01,GULFSTREAM/11.25 BO 20290528,103836,DOP,103836,11.32698559,99.808523,06/05/2026,09:17:46 AM,PRESTAMO,SEGUNDA PARTE,ROTC,04/08/2026,CONFIRMADA,3090604,0,28/05/2019,28/05/2029,-0.345094,GULFSTREAM PETROLEUM DOMINICANA S DE RL,GULFSTREAM,62426
DO2016300124,BC1GUL01,GULFSTREAM/11.25 BO 20290528,103836,DOP,103836,11.17222718,100.192231,06/05/2026,09:17:46 AM,PRESTAMO,PRIMERA PARTE,ROTC,06/05/2026,CONFIRMADA,3090604,0,28/05/2019,28/05/2029,-0.345094,GULFSTREAM PETROLEUM DOMINICANA S DE RL,GULFSTREAM,62524
DO2016300124,BC1GUL01,GULFSTREAM/11.25 BO 20290528,103836,DOP,103836,11.32698559,99.808523,06/05/2026,09:17:45 AM,ESTRUCTURADA,SEGUNDA PARTE,ROTC,04/08/2026,CONFIRMADA,3090518,0,28/05/2019,28/05/2029,-0.345094,GULFSTREAM PETROLEUM DOMINICANA S DE RL,GULFSTREAM,64519
DO2016300124,BC1GUL01,GULFSTREAM/11.25 BO 20290528,103836,DOP,103836,11.17222718,100.192231,06/05/2026,09:17:45 AM,ESTRUCTURADA,PRIMERA PARTE,ROTC,06/05/2026,CONFIRMADA,3090518,0,28/05/2019,28/05/2029,-0.345094,GULFSTREAM PETROLEUM DOMINICANA S DE RL,GULFSTREAM,64617
DO1002261423,NO301129,BCENTRAL/9.5 BOEST 20291130 GTIA,570000,DOP,57,10.05835357,98.388943,06/05/2026,09:17:44 AM,PRESTAMO,SEGUNDA PARTE,ROTC,05/06/2026,CONFIRMADA,3090603,0,30/11/2025,30/11/2029,-3.815446,BANCO CENTRAL DE LA REPUBLICA DOMINICANA,BCENTRAL,62566
DO1002261423,NO301129,BCENTRAL/9.5 BOEST 20291130 GTIA,570000,DOP,57,10.06336473,98.332701,06/05/2026,09:17:44 AM,PRESTAMO,PRIMERA PARTE,ROTC,06/05/2026,CONFIRMADA,3090603,0,30/11/2025,30/11/2029,-3.815446,BANCO CENTRAL DE LA REPUBLICA DOMINICANA,BCENTRAL,62468
DO1002261423,NO301129,BCENTRAL/9.5 BOEST 20291130 GTIA,570000,DOP,57,10.05835357,98.388943,06/05/2026,09:17:42 AM,ESTRUCTURADA,SEGUNDA PARTE,ROTC,05/06/2026,CONFIRMADA,3090517,0,30/11/2025,30/11/2029,-3.815446,BANCO CENTRAL DE LA REPUBLICA DOMINICANA,BCENTRAL,64652
DO1002261423,NO301129,BCENTRAL/9.5 BOEST 20291130 GTIA,570000,DOP,57,10.06336473,98.332701,06/05/2026,09:17:42 AM,ESTRUCTURADA,PRIMERA PARTE,ROTC,06/05/2026,CONFIRMADA,3090517,0,30/11/2025,30/11/2029,-3.815446,BANCO CENTRAL DE LA REPUBLICA DOMINICANA,BCENTRAL,64554
DO1002261423,NO301129,BCENTRAL/9.5 BOEST 20291130 GTIA,970000,DOP,97,9.72931429,99.331085,06/05/2026,09:17:41 AM,PRESTAMO,SEGUNDA PARTE,ROTC,22/06/2026,CONFIRMADA,3090602,0,30/11/2025,30/11/2029,-3.453571,BANCO CENTRAL DE LA REPUBLICA DOMINICANA,BCENTRAL,62223
DO1002261423,NO301129,BCENTRAL/9.5 BOEST 20291130 GTIA,970000,DOP,97,9.7057163,99.37909,06/05/2026,09:17:41 AM,PRESTAMO,PRIMERA PARTE,ROTC,06/05/2026,CONFIRMADA,3090602,0,30/11/2025,30/11/2029,-3.453571,BANCO CENTRAL DE LA REPUBLICA DOMINICANA,BCENTRAL,61621
DO1002261423,NO301129,BCENTRAL/9.5 BOEST 20291130 GTIA,970000,DOP,97,9.72931429,99.331085,06/05/2026,09:17:39 AM,ESTRUCTURADA,SEGUNDA PARTE,ROTC,22/06/2026,CONFIRMADA,3090516,0,30/11/2025,30/11/2029,-3.453571,BANCO CENTRAL DE LA REPUBLICA DOMINICANA,BCENTRAL,64372
DO1002261423,NO301129,BCENTRAL/9.5 BOEST 20291130 GTIA,970000,DOP,97,9.7057163,99.37909,06/05/2026,09:17:39 AM,ESTRUCTURADA,PRIMERA PARTE,ROTC,06/05/2026,CONFIRMADA,3090516,0,30/11/2025,30/11/2029,-3.453571,BANCO CENTRAL DE LA REPUBLICA DOMINICANA,BCENTRAL,63770
DO2006901311,BC1ITA01,EGEITABO/5.65 BO 20311208,3259,USD,3259,4.5167399,105.502258,06/05/2026,09:17:38 AM,PRESTAMO,SEGUNDA PARTE,ROTC,05/06/2026,CONFIRMADA,3090601,0,08/12/2021,08/12/2031,0.308422,"EMPRESA GENERADORA DE ELECTRICIDAD ITABO, S.A.",EGEITABO,58926
DO2006901311,BC1ITA01,EGEITABO/5.65 BO 20311208,3259,USD,3259,4.50387672,105.638108,06/05/2026,09:17:38 AM,PRESTAMO,PRIMERA PARTE,ROTC,06/05/2026,CONFIRMADA,3090601,0,08/12/2021,08/12/2031,0.308422,"EMPRESA GENERADORA DE ELECTRICIDAD ITABO, S.A.",EGEITABO,59339
DO2006901311,BC1ITA01,EGEITABO/5.65 BO 20311208,3259,USD,3259,4.5167399,105.502258,06/05/2026,09:17:37 AM,ESTRUCTURADA,SEGUNDA PARTE,ROTC,05/06/2026,CONFIRMADA,3090515,0,08/12/2021,08/12/2031,0.308422,"EMPRESA GENERADORA DE ELECTRICIDAD ITABO, S.A.",EGEITABO,61019
DO2006901311,BC1ITA01,EGEITABO/5.65 BO 20311208,3259,USD,3259,4.50387672,105.638108,06/05/2026,09:17:37 AM,ESTRUCTURADA,PRIMERA PARTE,ROTC,06/05/2026,CONFIRMADA,3090515,0,08/12/2021,08/12/2031,0.308422,"EMPRESA GENERADORA DE ELECTRICIDAD ITABO, S.A.",EGEITABO,61432
DO1002261423,NO301129,BCENTRAL/9.5 BOEST 20291130 GTIA,1450000,DOP,145,9.69254516,99.438437,06/05/2026,09:17:36 AM,PRESTAMO,SEGUNDA PARTE,ROTC,04/08/2026,CONFIRMADA,3090600,0,30/11/2025,30/11/2029,-2.229167,BANCO CENTRAL DE LA REPUBLICA DOMINICANA,BCENTRAL,62923
DO1002261423,NO301129,BCENTRAL/9.5 BOEST 20291130 GTIA,1450000,DOP,145,9.72303191,99.32811,06/05/2026,09:17:36 AM,PRESTAMO,PRIMERA PARTE,ROTC,06/05/2026,CONFIRMADA,3090600,0,30/11/2025,30/11/2029,-2.229167,BANCO CENTRAL DE LA REPUBLICA DOMINICANA,BCENTRAL,62461
DO1002261423,NO301129,BCENTRAL/9.5 BOEST 20291130 GTIA,1450000,DOP,145,9.69254516,99.438437,06/05/2026,09:17:34 AM,ESTRUCTURADA,SEGUNDA PARTE,ROTC,04/08/2026,CONFIRMADA,3090514,0,30/11/2025,30/11/2029,-2.229167,BANCO CENTRAL DE LA REPUBLICA DOMINICANA,BCENTRAL,65009
DO1002261423,NO301129,BCENTRAL/9.5 BOEST 20291130 GTIA,1450000,DOP,145,9.72303191,99.32811,06/05/2026,09:17:34 AM,ESTRUCTURADA,PRIMERA PARTE,ROTC,06/05/2026,CONFIRMADA,3090514,0,30/11/2025,30/11/2029,-2.229167,BANCO CENTRAL DE LA REPUBLICA DOMINICANA,BCENTRAL,64547
DO1002261423,NO301129,BCENTRAL/9.5 BOEST 20291130 GTIA,500000,DOP,50,9.45456007,100.101786,06/05/2026,09:17:33 AM,PRESTAMO,SEGUNDA PARTE,ROTC,04/08/2026,CONFIRMADA,3090599,0,30/11/2025,30/11/2029,-2.212525,BANCO CENTRAL DE LA REPUBLICA DOMINICANA,BCENTRAL,62286
DO1002261423,NO301129,BCENTRAL/9.5 BOEST 20291130 GTIA,500000,DOP,50,9.49945734,99.988862,06/05/2026,09:17:33 AM,PRESTAMO,PRIMERA PARTE,ROTC,06/05/2026,CONFIRMADA,3090599,0,30/11/2025,30/11/2029,-2.212525,BANCO CENTRAL DE LA REPUBLICA DOMINICANA,BCENTRAL,62349
DO1002261423,NO301129,BCENTRAL/9.5 BOEST 20291130 GTIA,500000,DOP,50,9.45456007,100.101786,06/05/2026,09:17:32 AM,ESTRUCTURADA,SEGUNDA PARTE,ROTC,04/08/2026,CONFIRMADA,3090513,0,30/11/2025,30/11/2029,-2.212525,BANCO CENTRAL DE LA REPUBLICA DOMINICANA,BCENTRAL,64379
DO1002261423,NO301129,BCENTRAL/9.5 BOEST 20291130 GTIA,500000,DOP,50,9.49945734,99.988862,06/05/2026,09:17:32 AM,ESTRUCTURADA,PRIMERA PARTE,ROTC,06/05/2026,CONFIRMADA,3090513,0,30/11/2025,30/11/2029,-2.212525,BANCO CENTRAL DE LA REPUBLICA DOMINICANA,BCENTRAL,64442
DO2016300124,BC1GUL01,GULFSTREAM/11.25 BO 20290528,101472,DOP,101472,11.22356136,100.064106,06/05/2026,09:17:30 AM,PRESTAMO,SEGUNDA PARTE,ROTC,22/05/2026,CONFIRMADA,3090598,0,28/05/2019,28/05/2029,0.357781,GULFSTREAM PETROLEUM DOMINICANA S DE RL,GULFSTREAM,62293
DO2016300124,BC1GUL01,GULFSTREAM/11.25 BO 20290528,101472,DOP,101472,11.17254859,100.191406,06/05/2026,09:17:30 AM,PRESTAMO,PRIMERA PARTE,ROTC,06/05/2026,CONFIRMADA,3090598,0,28/05/2019,28/05/2029,0.357781,GULFSTREAM PETROLEUM DOMINICANA S DE RL,GULFSTREAM,62489
DO2016300124,BC1GUL01,GULFSTREAM/11.25 BO 20290528,101472,DOP,101472,11.22356136,100.064106,06/05/2026,09:17:29 AM,ESTRUCTURADA,SEGUNDA PARTE,ROTC,22/05/2026,CONFIRMADA,3090512,0,28/05/2019,28/05/2029,0.357781,GULFSTREAM PETROLEUM DOMINICANA S DE RL,GULFSTREAM,64449
DO2016300124,BC1GUL01,GULFSTREAM/11.25 BO 20290528,101472,DOP,101472,11.17254859,100.191406,06/05/2026,09:17:29 AM,ESTRUCTURADA,PRIMERA PARTE,ROTC,06/05/2026,CONFIRMADA,3090512,0,28/05/2019,28/05/2029,0.357781,GULFSTREAM PETROLEUM DOMINICANA S DE RL,GULFSTREAM,64645
DO2006901311,BC1ITA01,EGEITABO/5.65 BO 20311208,1501,USD,1501,4.51360189,105.441458,06/05/2026,09:17:28 AM,PRESTAMO,SEGUNDA PARTE,ROTC,06/07/2026,CONFIRMADA,3090597,0,08/12/2021,08/12/2031,-0.666938,"EMPRESA GENERADORA DE ELECTRICIDAD ITABO, S.A.",EGEITABO,59080
DO2006901311,BC1ITA01,EGEITABO/5.65 BO 20311208,1501,USD,1501,4.49714032,105.672322,06/05/2026,09:17:28 AM,PRESTAMO,PRIMERA PARTE,ROTC,06/05/2026,CONFIRMADA,3090597,0,08/12/2021,08/12/2031,-0.666938,"EMPRESA GENERADORA DE ELECTRICIDAD ITABO, S.A.",EGEITABO,59080
DO2006901311,BC1ITA01,EGEITABO/5.65 BO 20311208,1501,USD,1501,4.51360189,105.441458,06/05/2026,09:17:27 AM,ESTRUCTURADA,SEGUNDA PARTE,ROTC,06/07/2026,CONFIRMADA,3090511,0,08/12/2021,08/12/2031,-0.666938,"EMPRESA GENERADORA DE ELECTRICIDAD ITABO, S.A.",EGEITABO,61173
DO2006901311,BC1ITA01,EGEITABO/5.65 BO 20311208,1501,USD,1501,4.49714032,105.672322,06/05/2026,09:17:27 AM,ESTRUCTURADA,PRIMERA PARTE,ROTC,06/05/2026,CONFIRMADA,3090511,0,08/12/2021,08/12/2031,-0.666938,"EMPRESA GENERADORA DE ELECTRICIDAD ITABO, S.A.",EGEITABO,61173
DO1005204412,MH12029,HACIENDA/11.375 BOEST 20290706 GTIA,6500000,DOP,65,8.33572292,107.72138,06/05/2026,09:17:26 AM,PRESTAMO,SEGUNDA PARTE,ROTC,04/08/2026,CONFIRMADA,3090596,0,06/07/2014,06/07/2029,-2.678757,MINISTERIO DE HACIENDA,HACIENDA,62881
DO1005204412,MH12029,HACIENDA/11.375 BOEST 20290706 GTIA,6500000,DOP,65,8.47564348,107.875317,06/05/2026,09:17:26 AM,PRESTAMO,PRIMERA PARTE,ROTC,06/05/2026,CONFIRMADA,3090596,0,06/07/2014,06/07/2029,-2.678757,MINISTERIO DE HACIENDA,HACIENDA,63399
DO1005204412,MH12029,HACIENDA/11.375 BOEST 20290706 GTIA,6500000,DOP,65,8.33572292,107.72138,06/05/2026,09:17:24 AM,ESTRUCTURADA,SEGUNDA PARTE,ROTC,04/08/2026,CONFIRMADA,3090510,0,06/07/2014,06/07/2029,-2.678757,MINISTERIO DE HACIENDA,HACIENDA,64967
DO1005204412,MH12029,HACIENDA/11.375 BOEST 20290706 GTIA,6500000,DOP,65,8.47564348,107.875317,06/05/2026,09:17:24 AM,ESTRUCTURADA,PRIMERA PARTE,ROTC,06/05/2026,CONFIRMADA,3090510,0,06/07/2014,06/07/2029,-2.678757,MINISTERIO DE HACIENDA,HACIENDA,65485
DO1002261423,NO301129,BCENTRAL/9.5 BOEST 20291130 GTIA,500000,DOP,50,9.54004475,99.862876,06/05/2026,09:17:23 AM,PRESTAMO,SEGUNDA PARTE,ROTC,04/08/2026,CONFIRMADA,3090595,0,30/11/2025,30/11/2029,-2.222778,BANCO CENTRAL DE LA REPUBLICA DOMINICANA,BCENTRAL,62146
DO1002261423,NO301129,BCENTRAL/9.5 BOEST 20291130 GTIA,500000,DOP,50,9.57822876,99.755438,06/05/2026,09:17:23 AM,PRESTAMO,PRIMERA PARTE,ROTC,06/05/2026,CONFIRMADA,3090595,0,30/11/2025,30/11/2029,-2.222778,BANCO CENTRAL DE LA REPUBLICA DOMINICANA,BCENTRAL,62279
DO1002261423,NO301129,BCENTRAL/9.5 BOEST 20291130 GTIA,500000,DOP,50,9.54004475,99.862876,06/05/2026,09:17:22 AM,ESTRUCTURADA,SEGUNDA PARTE,ROTC,04/08/2026,CONFIRMADA,3090509,0,30/11/2025,30/11/2029,-2.222778,BANCO CENTRAL DE LA REPUBLICA DOMINICANA,BCENTRAL,64239
DO1002261423,NO301129,BCENTRAL/9.5 BOEST 20291130 GTIA,500000,DOP,50,9.57822876,99.755438,06/05/2026,09:17:22 AM,ESTRUCTURADA,PRIMERA PARTE,ROTC,06/05/2026,CONFIRMADA,3090509,0,30/11/2025,30/11/2029,-2.222778,BANCO CENTRAL DE LA REPUBLICA DOMINICANA,BCENTRAL,64372
DO1002261423,NO301129,BCENTRAL/9.5 BOEST 20291130 GTIA,1610000,DOP,161,9.52253357,99.911758,06/05/2026,09:17:21 AM,PRESTAMO,SEGUNDA PARTE,ROTC,04/08/2026,CONFIRMADA,3090594,0,30/11/2025,30/11/2029,2.325827,BANCO CENTRAL DE LA REPUBLICA DOMINICANA,BCENTRAL,62825
DO1002261423,NO301129,BCENTRAL/9.5 BOEST 20291130 GTIA,1610000,DOP,161,9.5449431,99.853991,06/05/2026,09:17:21 AM,PRESTAMO,PRIMERA PARTE,ROTC,06/05/2026,CONFIRMADA,3090594,0,30/11/2025,30/11/2029,2.325827,BANCO CENTRAL DE LA REPUBLICA DOMINICANA,BCENTRAL,62559
DO1002261423,NO301129,BCENTRAL/9.5 BOEST 20291130 GTIA,1610000,DOP,161,9.52253357,99.911758,06/05/2026,09:17:19 AM,ESTRUCTURADA,SEGUNDA PARTE,ROTC,04/08/2026,CONFIRMADA,3090508,0,30/11/2025,30/11/2029,2.325827,BANCO CENTRAL DE LA REPUBLICA DOMINICANA,BCENTRAL,64974
DO1002261423,NO301129,BCENTRAL/9.5 BOEST 20291130 GTIA,1610000,DOP,161,9.5449431,99.853991,06/05/2026,09:17:19 AM,ESTRUCTURADA,PRIMERA PARTE,ROTC,06/05/2026,CONFIRMADA,3090508,0,30/11/2025,30/11/2029,2.325827,BANCO CENTRAL DE LA REPUBLICA DOMINICANA,BCENTRAL,64708
DO2016300124,BC1GUL01,GULFSTREAM/11.25 BO 20290528,89214,DOP,89214,11.24866219,99.999698,06/05/2026,09:17:18 AM,PRESTAMO,SEGUNDA PARTE,ROTC,05/06/2026,CONFIRMADA,3090593,0,28/05/2019,28/05/2029,-1.965949,GULFSTREAM PETROLEUM DOMINICANA S DE RL,GULFSTREAM,61887
DO2016300124,BC1GUL01,GULFSTREAM/11.25 BO 20290528,89214,DOP,89214,11.17250551,100.191517,06/05/2026,09:17:18 AM,PRESTAMO,PRIMERA PARTE,ROTC,06/05/2026,CONFIRMADA,3090593,0,28/05/2019,28/05/2029,-1.965949,GULFSTREAM PETROLEUM DOMINICANA S DE RL,GULFSTREAM,61901
DO2016300124,BC1GUL01,GULFSTREAM/11.25 BO 20290528,89214,DOP,89214,11.24866219,99.999698,06/05/2026,09:17:17 AM,ESTRUCTURADA,SEGUNDA PARTE,ROTC,05/06/2026,CONFIRMADA,3090507,0,28/05/2019,28/05/2029,-1.965949,GULFSTREAM PETROLEUM DOMINICANA S DE RL,GULFSTREAM,63980
DO2016300124,BC1GUL01,GULFSTREAM/11.25 BO 20290528,89214,DOP,89214,11.17250551,100.191517,06/05/2026,09:17:17 AM,ESTRUCTURADA,PRIMERA PARTE,ROTC,06/05/2026,CONFIRMADA,3090507,0,28/05/2019,28/05/2029,-1.965949,GULFSTREAM PETROLEUM DOMINICANA S DE RL,GULFSTREAM,63994
DO1002261423,NO301129,BCENTRAL/9.5 BOEST 20291130 GTIA,640000,DOP,64,9.57015007,99.778908,06/05/2026,09:15:49 AM,PRESTAMO,SEGUNDA PARTE,ROTC,04/08/2026,CONFIRMADA,3090592,0,30/11/2025,30/11/2029,-2.226392,BANCO CENTRAL DE LA REPUBLICA DOMINICANA,BCENTRAL,62244
DO1002261423,NO301129,BCENTRAL/9.5 BOEST 20291130 GTIA,640000,DOP,64,9.60596856,99.673398,06/05/2026,09:15:49 AM,PRESTAMO,PRIMERA PARTE,ROTC,06/05/2026,CONFIRMADA,3090592,0,30/11/2025,30/11/2029,-2.226392,BANCO CENTRAL DE LA REPUBLICA DOMINICANA,BCENTRAL,62419
DO1002261423,NO301129,BCENTRAL/9.5 BOEST 20291130 GTIA,640000,DOP,64,9.57015007,99.778908,06/05/2026,09:15:47 AM,ESTRUCTURADA,SEGUNDA PARTE,ROTC,04/08/2026,CONFIRMADA,3090527,0,30/11/2025,30/11/2029,-2.226392,BANCO CENTRAL DE LA REPUBLICA DOMINICANA,BCENTRAL,64330
DO1002261423,NO301129,BCENTRAL/9.5 BOEST 20291130 GTIA,640000,DOP,64,9.60596856,99.673398,06/05/2026,09:15:47 AM,ESTRUCTURADA,PRIMERA PARTE,ROTC,06/05/2026,CONFIRMADA,3090527,0,30/11/2025,30/11/2029,-2.226392,BANCO CENTRAL DE LA REPUBLICA DOMINICANA,BCENTRAL,64505
DO1002261423,NO301129,BCENTRAL/9.5 BOEST 20291130 GTIA,280000,DOP,28,9.60760291,99.67457,06/05/2026,09:15:46 AM,PRESTAMO,SEGUNDA PARTE,ROTC,04/08/2026,CONFIRMADA,3090591,0,30/11/2025,30/11/2029,-2.23089,BANCO CENTRAL DE LA REPUBLICA DOMINICANA,BCENTRAL,61859
DO1002261423,NO301129,BCENTRAL/9.5 BOEST 20291130 GTIA,280000,DOP,28,9.64047763,99.571456,06/05/2026,09:15:46 AM,PRESTAMO,PRIMERA PARTE,ROTC,06/05/2026,CONFIRMADA,3090591,0,30/11/2025,30/11/2029,-2.23089,BANCO CENTRAL DE LA REPUBLICA DOMINICANA,BCENTRAL,62286
DO1002261423,NO301129,BCENTRAL/9.5 BOEST 20291130 GTIA,280000,DOP,28,9.60760291,99.67457,06/05/2026,09:15:45 AM,ESTRUCTURADA,SEGUNDA PARTE,ROTC,04/08/2026,CONFIRMADA,3090528,0,30/11/2025,30/11/2029,-2.23089,BANCO CENTRAL DE LA REPUBLICA DOMINICANA,BCENTRAL,63952
DO1002261423,NO301129,BCENTRAL/9.5 BOEST 20291130 GTIA,280000,DOP,28,9.64047763,99.571456,06/05/2026,09:15:45 AM,ESTRUCTURADA,PRIMERA PARTE,ROTC,06/05/2026,CONFIRMADA,3090528,0,30/11/2025,30/11/2029,-2.23089,BANCO CENTRAL DE LA REPUBLICA DOMINICANA,BCENTRAL,64379
DO2016300124,BC1GUL01,GULFSTREAM/11.25 BO 20290528,101644,DOP,101644,11.40266192,99.628534,06/05/2026,09:15:43 AM,PRESTAMO,SEGUNDA PARTE,ROTC,04/08/2026,CONFIRMADA,3090590,0,28/05/2019,28/05/2029,-0.349722,GULFSTREAM PETROLEUM DOMINICANA S DE RL,GULFSTREAM,62216
DO2016300124,BC1GUL01,GULFSTREAM/11.25 BO 20290528,101644,DOP,101644,11.2407952,100.016353,06/05/2026,09:15:43 AM,PRESTAMO,PRIMERA PARTE,ROTC,06/05/2026,CONFIRMADA,3090590,0,28/05/2019,28/05/2029,-0.349722,GULFSTREAM PETROLEUM DOMINICANA S DE RL,GULFSTREAM,62076
DO2016300124,BC1GUL01,GULFSTREAM/11.25 BO 20290528,101644,DOP,101644,11.40266192,99.628534,06/05/2026,09:15:42 AM,ESTRUCTURADA,SEGUNDA PARTE,ROTC,04/08/2026,CONFIRMADA,3090529,0,28/05/2019,28/05/2029,-0.349722,GULFSTREAM PETROLEUM DOMINICANA S DE RL,GULFSTREAM,64309
DO2016300124,BC1GUL01,GULFSTREAM/11.25 BO 20290528,101644,DOP,101644,11.2407952,100.016353,06/05/2026,09:15:42 AM,ESTRUCTURADA,PRIMERA PARTE,ROTC,06/05/2026,CONFIRMADA,3090529,0,28/05/2019,28/05/2029,-0.349722,GULFSTREAM PETROLEUM DOMINICANA S DE RL,GULFSTREAM,64169
DO2016300124,BC1GUL01,GULFSTREAM/11.25 BO 20290528,122506,DOP,122506,11.56179071,99.251318,06/05/2026,09:15:41 AM,PRESTAMO,SEGUNDA PARTE,ROTC,04/08/2026,CONFIRMADA,3090589,0,28/05/2019,28/05/2029,-0.359458,GULFSTREAM PETROLEUM DOMINICANA S DE RL,GULFSTREAM,62188
DO2016300124,BC1GUL01,GULFSTREAM/11.25 BO 20290528,122506,DOP,122506,11.38496483,99.647754,06/05/2026,09:15:41 AM,PRESTAMO,PRIMERA PARTE,ROTC,06/05/2026,CONFIRMADA,3090589,0,28/05/2019,28/05/2029,-0.359458,GULFSTREAM PETROLEUM DOMINICANA S DE RL,GULFSTREAM,62398
DO2016300124,BC1GUL01,GULFSTREAM/11.25 BO 20290528,122506,DOP,122506,11.56179071,99.251318,06/05/2026,09:15:39 AM,ESTRUCTURADA,SEGUNDA PARTE,ROTC,04/08/2026,CONFIRMADA,3090530,0,28/05/2019,28/05/2029,-0.359458,GULFSTREAM PETROLEUM DOMINICANA S DE RL,GULFSTREAM,64337
DO2016300124,BC1GUL01,GULFSTREAM/11.25 BO 20290528,122506,DOP,122506,11.38496483,99.647754,06/05/2026,09:15:39 AM,ESTRUCTURADA,PRIMERA PARTE,ROTC,06/05/2026,CONFIRMADA,3090530,0,28/05/2019,28/05/2029,-0.359458,GULFSTREAM PETROLEUM DOMINICANA S DE RL,GULFSTREAM,64547
DO1002261423,NO301129,BCENTRAL/9.5 BOEST 20291130 GTIA,760000,DOP,76,9.67681073,99.482125,06/05/2026,09:15:38 AM,PRESTAMO,SEGUNDA PARTE,ROTC,04/08/2026,CONFIRMADA,3090588,0,30/11/2025,30/11/2029,-2.239213,BANCO CENTRAL DE LA REPUBLICA DOMINICANA,BCENTRAL,62244
DO1002261423,NO301129,BCENTRAL/9.5 BOEST 20291130 GTIA,760000,DOP,76,9.70424302,99.383429,06/05/2026,09:15:38 AM,PRESTAMO,PRIMERA PARTE,ROTC,06/05/2026,CONFIRMADA,3090588,0,30/11/2025,30/11/2029,-2.239213,BANCO CENTRAL DE LA REPUBLICA DOMINICANA,BCENTRAL,62237
DO1002261423,NO301129,BCENTRAL/9.5 BOEST 20291130 GTIA,760000,DOP,76,9.67681073,99.482125,06/05/2026,09:15:37 AM,ESTRUCTURADA,SEGUNDA PARTE,ROTC,04/08/2026,CONFIRMADA,3090531,0,30/11/2025,30/11/2029,-2.239213,BANCO CENTRAL DE LA REPUBLICA DOMINICANA,BCENTRAL,64337
DO1002261423,NO301129,BCENTRAL/9.5 BOEST 20291130 GTIA,760000,DOP,76,9.70424302,99.383429,06/05/2026,09:15:37 AM,ESTRUCTURADA,PRIMERA PARTE,ROTC,06/05/2026,CONFIRMADA,3090531,0,30/11/2025,30/11/2029,-2.239213,BANCO CENTRAL DE LA REPUBLICA DOMINICANA,BCENTRAL,64330
DO1002261423,NO301129,BCENTRAL/9.5 BOEST 20291130 GTIA,460000,DOP,46,9.26599048,100.631318,06/05/2026,09:15:36 AM,PRESTAMO,SEGUNDA PARTE,ROTC,04/08/2026,CONFIRMADA,3090587,0,30/11/2025,30/11/2029,-2.189964,BANCO CENTRAL DE LA REPUBLICA DOMINICANA,BCENTRAL,62440
DO1002261423,NO301129,BCENTRAL/9.5 BOEST 20291130 GTIA,460000,DOP,46,9.32567737,100.506236,06/05/2026,09:15:36 AM,PRESTAMO,PRIMERA PARTE,ROTC,06/05/2026,CONFIRMADA,3090587,0,30/11/2025,30/11/2029,-2.189964,BANCO CENTRAL DE LA REPUBLICA DOMINICANA,BCENTRAL,62475
DO1002261423,NO301129,BCENTRAL/9.5 BOEST 20291130 GTIA,460000,DOP,46,9.26599048,100.631318,06/05/2026,09:15:34 AM,ESTRUCTURADA,SEGUNDA PARTE,ROTC,04/08/2026,CONFIRMADA,3090532,0,30/11/2025,30/11/2029,-2.189964,BANCO CENTRAL DE LA REPUBLICA DOMINICANA,BCENTRAL,64526
DO1002261423,NO301129,BCENTRAL/9.5 BOEST 20291130 GTIA,460000,DOP,46,9.32567737,100.506236,06/05/2026,09:15:34 AM,ESTRUCTURADA,PRIMERA PARTE,ROTC,06/05/2026,CONFIRMADA,3090532,0,30/11/2025,30/11/2029,-2.189964,BANCO CENTRAL DE LA REPUBLICA DOMINICANA,BCENTRAL,64561
DO1005204412,MH12029,HACIENDA/11.375 BOEST 20290706 GTIA,4000000,DOP,40,8.32943876,107.738162,06/05/2026,09:15:33 AM,PRESTAMO,SEGUNDA PARTE,ROTC,04/08/2026,CONFIRMADA,3090586,0,06/07/2014,06/07/2029,-2.689898,MINISTERIO DE HACIENDA,HACIENDA,63196
DO1005204412,MH12029,HACIENDA/11.375 BOEST 20290706 GTIA,4000000,DOP,40,8.46516613,107.905342,06/05/2026,09:15:33 AM,PRESTAMO,PRIMERA PARTE,ROTC,06/05/2026,CONFIRMADA,3090586,0,06/07/2014,06/07/2029,-2.689898,MINISTERIO DE HACIENDA,HACIENDA,63154
DO1005204412,MH12029,HACIENDA/11.375 BOEST 20290706 GTIA,4000000,DOP,40,8.32943876,107.738162,06/05/2026,09:15:31 AM,ESTRUCTURADA,SEGUNDA PARTE,ROTC,04/08/2026,CONFIRMADA,3090533,0,06/07/2014,06/07/2029,-2.689898,MINISTERIO DE HACIENDA,HACIENDA,65282
DO1005204412,MH12029,HACIENDA/11.375 BOEST 20290706 GTIA,4000000,DOP,40,8.46516613,107.905342,06/05/2026,09:15:31 AM,ESTRUCTURADA,PRIMERA PARTE,ROTC,06/05/2026,CONFIRMADA,3090533,0,06/07/2014,06/07/2029,-2.689898,MINISTERIO DE HACIENDA,HACIENDA,65240
DO1002261423,NO301129,BCENTRAL/9.5 BOEST 20291130 GTIA,290000,DOP,29,9.46059214,100.101454,06/05/2026,09:15:30 AM,PRESTAMO,SEGUNDA PARTE,ROTC,22/06/2026,CONFIRMADA,3090585,0,30/11/2025,30/11/2029,-3.426277,BANCO CENTRAL DE LA REPUBLICA DOMINICANA,BCENTRAL,62265
DO1002261423,NO301129,BCENTRAL/9.5 BOEST 20291130 GTIA,290000,DOP,29,9.44604126,100.147538,06/05/2026,09:15:30 AM,PRESTAMO,PRIMERA PARTE,ROTC,06/05/2026,CONFIRMADA,3090585,0,30/11/2025,30/11/2029,-3.426277,BANCO CENTRAL DE LA REPUBLICA DOMINICANA,BCENTRAL,62398
DO1002261423,NO301129,BCENTRAL/9.5 BOEST 20291130 GTIA,290000,DOP,29,9.46059214,100.101454,06/05/2026,09:15:29 AM,ESTRUCTURADA,SEGUNDA PARTE,ROTC,22/06/2026,CONFIRMADA,3090535,0,30/11/2025,30/11/2029,-3.426277,BANCO CENTRAL DE LA REPUBLICA DOMINICANA,BCENTRAL,64421
DO1002261423,NO301129,BCENTRAL/9.5 BOEST 20291130 GTIA,290000,DOP,29,9.44604126,100.147538,06/05/2026,09:15:29 AM,ESTRUCTURADA,PRIMERA PARTE,ROTC,06/05/2026,CONFIRMADA,3090535,0,30/11/2025,30/11/2029,-3.426277,BANCO CENTRAL DE LA REPUBLICA DOMINICANA,BCENTRAL,64554
